Timestamp,UTC,Callsign,Position,Altitude,Speed,Direction
1633346450,2021-10-04T11:20:50Z,BAW874,51.473122,-0.486201,0,0,270
1633346489,2021-10-04T11:21:29Z,BAW874,51.473156,-0.485997,0,2,270
1633346502,2021-10-04T11:21:42Z,BAW874,51.473167,-0.485792,0,2,270
1633346515,2021-10-04T11:21:55Z,BAW874,51.473171,-0.485573,0,2,270
1633346527,2021-10-04T11:22:07Z,BAW874,51.473171,-0.485363,0,2,275
1633346539,2021-10-04T11:22:19Z,BAW874,51.47319,-0.485161,0,2,300
1633346554,2021-10-04T11:22:34Z,BAW874,51.473179,-0.484939,0,2,348
1633346670,2021-10-04T11:24:30Z,BAW874,51.473167,-0.485495,0,0,70
1633346720,2021-10-04T11:25:20Z,BAW874,51.473099,-0.484886,0,0,180
1633346787,2021-10-04T11:26:27Z,BAW874,51.473305,-0.484902,0,4,7
1633346796,2021-10-04T11:26:36Z,BAW874,51.473511,-0.484902,0,6,7
1633346804,2021-10-04T11:26:44Z,BAW874,51.473797,-0.484905,0,8,356
1633346809,2021-10-04T11:26:49Z,BAW874,51.474007,-0.484905,0,9,357
1633346814,2021-10-04T11:26:54Z,BAW874,51.474243,-0.484902,0,11,357
1633346819,2021-10-04T11:26:59Z,BAW874,51.474499,-0.484905,0,12,358
1633346823,2021-10-04T11:27:03Z,BAW874,51.474712,-0.484902,0,13,1
1633346829,2021-10-04T11:27:09Z,BAW874,51.475113,-0.484902,0,13,359
1633346835,2021-10-04T11:27:15Z,BAW874,51.47543,-0.484905,0,10,4
1633346841,2021-10-04T11:27:21Z,BAW874,51.475636,-0.484791,0,8,22
1633346846,2021-10-04T11:27:26Z,BAW874,51.475754,-0.484543,0,9,50
1633346849,2021-10-04T11:27:29Z,BAW874,51.475788,-0.484295,0,10,73
1633346853,2021-10-04T11:27:33Z,BAW874,51.475788,-0.484011,0,11,87
1633346859,2021-10-04T11:27:39Z,BAW874,51.475788,-0.483473,0,12,90
1633346862,2021-10-04T11:27:42Z,BAW874,51.475788,-0.483213,0,12,90
1633346867,2021-10-04T11:27:47Z,BAW874,51.475788,-0.482767,0,13,90
1633346869,2021-10-04T11:27:49Z,BAW874,51.475788,-0.482521,0,14,90
1633346882,2021-10-04T11:28:02Z,BAW874,51.475788,-0.481079,0,16,90
1633346890,2021-10-04T11:28:10Z,BAW874,51.4758,-0.480132,0,17,90
1633346906,2021-10-04T11:28:26Z,BAW874,51.4758,-0.477848,0,19,90
1633346912,2021-10-04T11:28:32Z,BAW874,51.4758,-0.476952,0,20,90
1633346925,2021-10-04T11:28:45Z,BAW874,51.475811,-0.474806,0,22,90
1633346935,2021-10-04T11:28:55Z,BAW874,51.475811,-0.473118,0,23,90
1633346941,2021-10-04T11:29:01Z,BAW874,51.475822,-0.472041,0,24,90
1633346947,2021-10-04T11:29:07Z,BAW874,51.475822,-0.470983,0,25,90
1633346953,2021-10-04T11:29:13Z,BAW874,51.475822,-0.46978,0,26,90
1633346957,2021-10-04T11:29:17Z,BAW874,51.475857,-0.468979,0,26,84
1633346959,2021-10-04T11:29:19Z,BAW874,51.475872,-0.468693,0,26,84
1633346970,2021-10-04T11:29:30Z,BAW874,51.475914,-0.466418,0,27,90
1633346977,2021-10-04T11:29:37Z,BAW874,51.475925,-0.464915,0,27,90
1633346985,2021-10-04T11:29:45Z,BAW874,51.475941,-0.463314,0,29,90
1633346991,2021-10-04T11:29:51Z,BAW874,51.475937,-0.46189,0,30,90
1633347004,2021-10-04T11:30:04Z,BAW874,51.475952,-0.45927,0,23,90
1633347012,2021-10-04T11:30:12Z,BAW874,51.475952,-0.458221,0,14,90
1633347037,2021-10-04T11:30:37Z,BAW874,51.475964,-0.45578,0,15,90
1633347045,2021-10-04T11:30:45Z,BAW874,51.475964,-0.454922,0,15,90
1633347051,2021-10-04T11:30:51Z,BAW874,51.475964,-0.454121,0,16,90
1633347057,2021-10-04T11:30:57Z,BAW874,51.475971,-0.453353,0,17,90
1633347067,2021-10-04T11:31:07Z,BAW874,51.475971,-0.452035,0,19,90
1633347073,2021-10-04T11:31:13Z,BAW874,51.475975,-0.451145,0,20,90
1633347079,2021-10-04T11:31:19Z,BAW874,51.475986,-0.450153,0,21,90
1633347085,2021-10-04T11:31:25Z,BAW874,51.475983,-0.449252,0,22,90
1633347099,2021-10-04T11:31:39Z,BAW874,51.475998,-0.446701,0,24,90
1633347107,2021-10-04T11:31:47Z,BAW874,51.475994,-0.445336,0,25,90
1633347114,2021-10-04T11:31:54Z,BAW874,51.475998,-0.444126,0,20,90
1633347122,2021-10-04T11:32:02Z,BAW874,51.475948,-0.443053,0,15,95
1633347135,2021-10-04T11:32:15Z,BAW874,51.475925,-0.441439,0,17,90
1633347145,2021-10-04T11:32:25Z,BAW874,51.475929,-0.440102,0,19,90
1633347152,2021-10-04T11:32:32Z,BAW874,51.475929,-0.439053,0,20,90
1633347158,2021-10-04T11:32:38Z,BAW874,51.475929,-0.438251,0,18,90
1633347173,2021-10-04T11:32:53Z,BAW874,51.475941,-0.436611,0,10,90
1633347179,2021-10-04T11:32:59Z,BAW874,51.475929,-0.43623,0,8,90
1633347185,2021-10-04T11:33:05Z,BAW874,51.475941,-0.435925,0,7,84
1633347190,2021-10-04T11:33:10Z,BAW874,51.475998,-0.435715,0,5,70
1633347203,2021-10-04T11:33:23Z,BAW874,51.475941,-0.435963,0,1,42
1633347272,2021-10-04T11:34:32Z,BAW874,51.47628,-0.435315,0,4,45
1633347281,2021-10-04T11:34:41Z,BAW874,51.476418,-0.435085,0,6,47
1633347291,2021-10-04T11:34:51Z,BAW874,51.476616,-0.434666,0,8,53
1633347295,2021-10-04T11:34:55Z,BAW874,51.476692,-0.434461,0,8,56
1633347303,2021-10-04T11:35:03Z,BAW874,51.476883,-0.434017,0,10,50
1633347315,2021-10-04T11:35:15Z,BAW874,51.477459,-0.433719,0,10,2
1633347326,2021-10-04T11:35:26Z,BAW874,51.477711,-0.434017,0,6,306
1633347331,2021-10-04T11:35:31Z,BAW874,51.477688,-0.43422,0,6,275
1633347454,2021-10-04T11:37:34Z,BAW874,51.477673,-0.435925,0,45,267
1633347461,2021-10-04T11:37:41Z,BAW874,51.477661,-0.439453,0,80,270
1633347486,2021-10-04T11:38:06Z,BAW874,51.477585,-0.463059,600,145,269
1633347492,2021-10-04T11:38:12Z,BAW874,51.477539,-0.469814,925,143,269
1633347504,2021-10-04T11:38:24Z,BAW874,51.477463,-0.482254,1550,142,269
1633347510,2021-10-04T11:38:30Z,BAW874,51.477417,-0.488434,1725,147,269
1633347519,2021-10-04T11:38:39Z,BAW874,51.477325,-0.499115,1975,149,269
1633347528,2021-10-04T11:38:48Z,BAW874,51.477184,-0.509338,2050,163,268
1633347534,2021-10-04T11:38:54Z,BAW874,51.476997,-0.516891,2150,170,267
1633347538,2021-10-04T11:38:58Z,BAW874,51.476627,-0.52124,2200,173,261
1633347544,2021-10-04T11:39:04Z,BAW874,51.475277,-0.528946,2275,179,250
1633347545,2021-10-04T11:39:05Z,BAW874,51.47493,-0.530165,2300,177,254
1633347549,2021-10-04T11:39:09Z,BAW874,51.47332,-0.534897,2350,185,239
1633347550,2021-10-04T11:39:10Z,BAW874,51.472763,-0.536194,2375,185,237
1633347551,2021-10-04T11:39:11Z,BAW874,51.472275,-0.537291,2400,186,235
1633347552,2021-10-04T11:39:12Z,BAW874,51.471634,-0.538479,2425,188,230
1633347555,2021-10-04T11:39:15Z,BAW874,51.469784,-0.541458,2500,189,222
1633347558,2021-10-04T11:39:18Z,BAW874,51.467876,-0.543747,2600,189,216
1633347559,2021-10-04T11:39:19Z,BAW874,51.467083,-0.54451,2650,189,225
1633347561,2021-10-04T11:39:21Z,BAW874,51.46513,-0.546036,2725,192,205
1633347562,2021-10-04T11:39:22Z,BAW874,51.464664,-0.546341,2750,192,205
1633347564,2021-10-04T11:39:24Z,BAW874,51.462891,-0.547312,2825,192,199
1633347565,2021-10-04T11:39:25Z,BAW874,51.462055,-0.547638,2875,193,196
1633347567,2021-10-04T11:39:27Z,BAW874,51.459641,-0.548426,3000,193,192
1633347569,2021-10-04T11:39:29Z,BAW874,51.457901,-0.548797,3100,192,188
1633347570,2021-10-04T11:39:30Z,BAW874,51.457401,-0.548935,3125,192,187
1633347576,2021-10-04T11:39:36Z,BAW874,51.452454,-0.549762,3425,190,185
1633347579,2021-10-04T11:39:39Z,BAW874,51.44986,-0.550079,3550,190,184
1633347582,2021-10-04T11:39:42Z,BAW874,51.446739,-0.550308,3700,190,185
1633347584,2021-10-04T11:39:44Z,BAW874,51.444973,-0.550308,3775,194,178
1633347585,2021-10-04T11:39:45Z,BAW874,51.444134,-0.550232,3800,194,178
1633347589,2021-10-04T11:39:49Z,BAW874,51.440502,-0.549469,3925,200,170
1633347594,2021-10-04T11:39:54Z,BAW874,51.436111,-0.547609,4050,205,163
1633347595,2021-10-04T11:39:55Z,BAW874,51.435196,-0.547028,4075,207,160
1633347603,2021-10-04T11:40:03Z,BAW874,51.428024,-0.539856,4250,224,142
1633347604,2021-10-04T11:40:04Z,BAW874,51.427689,-0.539444,4250,224,142
1633347607,2021-10-04T11:40:07Z,BAW874,51.424805,-0.535583,4325,231,139
1633347612,2021-10-04T11:40:12Z,BAW874,51.421097,-0.53009,4400,239,136
1633347615,2021-10-04T11:40:15Z,BAW874,51.418716,-0.526352,4475,241,135
1633347621,2021-10-04T11:40:21Z,BAW874,51.413452,-0.517916,4650,252,134
1633347636,2021-10-04T11:40:36Z,BAW874,51.400467,-0.497208,4975,268,135
1633347651,2021-10-04T11:40:51Z,BAW874,51.387543,-0.477014,5325,270,135
1633347664,2021-10-04T11:41:04Z,BAW874,51.376053,-0.459125,5650,273,136
1633347678,2021-10-04T11:41:18Z,BAW874,51.362621,-0.438538,5975,274,136
1633347691,2021-10-04T11:41:31Z,BAW874,51.35112,-0.420914,6100,273,136
1633347703,2021-10-04T11:41:43Z,BAW874,51.340416,-0.404358,6125,272,136
1633347717,2021-10-04T11:41:57Z,BAW874,51.327393,-0.383705,6125,275,131
1633347742,2021-10-04T11:42:22Z,BAW874,51.314716,-0.335999,6100,296,99
1633347757,2021-10-04T11:42:37Z,BAW874,51.315556,-0.302582,6125,298,85
1633347774,2021-10-04T11:42:54Z,BAW874,51.317368,-0.265825,6125,296,85
1633347786,2021-10-04T11:43:06Z,BAW874,51.318302,-0.239258,6125,298,88
1633347804,2021-10-04T11:43:24Z,BAW874,51.31842,-0.199832,6100,298,90
1633347826,2021-10-04T11:43:46Z,BAW874,51.318489,-0.151749,6125,297,89
1633347847,2021-10-04T11:44:07Z,BAW874,51.318443,-0.106583,6100,298,90
1633347859,2021-10-04T11:44:19Z,BAW874,51.318394,-0.079269,6125,296,90
1633347871,2021-10-04T11:44:31Z,BAW874,51.318329,-0.053002,6125,296,90
1633347883,2021-10-04T11:44:43Z,BAW874,51.318283,-0.027911,6150,296,90
1633347897,2021-10-04T11:44:57Z,BAW874,51.318146,0.00438,6575,301,90
1633347912,2021-10-04T11:45:12Z,BAW874,51.317928,0.038071,7400,302,90
1633347931,2021-10-04T11:45:31Z,BAW874,51.317837,0.081482,8450,302,90
1633347956,2021-10-04T11:45:56Z,BAW874,51.317688,0.138146,9625,306,90
1633347970,2021-10-04T11:46:10Z,BAW874,51.317558,0.167618,10300,307,90
1633347991,2021-10-04T11:46:31Z,BAW874,51.31723,0.216683,10725,330,90
1633348004,2021-10-04T11:46:44Z,BAW874,51.316956,0.249122,10900,337,90
1633348027,2021-10-04T11:47:07Z,BAW874,51.316406,0.310512,11200,370,90
1633348050,2021-10-04T11:47:30Z,BAW874,51.313602,0.375214,11950,379,95
1633348062,2021-10-04T11:47:42Z,BAW874,51.311554,0.408424,12500,380,95
1633348092,2021-10-04T11:48:12Z,BAW874,51.306339,0.493927,13525,392,95
1633348131,2021-10-04T11:48:51Z,BAW874,51.300007,0.607452,14825,403,95
1633348164,2021-10-04T11:49:24Z,BAW874,51.294434,0.704016,15925,409,95
1633348201,2021-10-04T11:50:01Z,BAW874,51.286926,0.817888,17075,420,96
1633348243,2021-10-04T11:50:43Z,BAW874,51.278503,0.949501,18400,427,95
1633348252,2021-10-04T11:50:52Z,BAW874,51.276993,0.975853,18625,432,95
1633348340,2021-10-04T11:52:20Z,BAW874,51.261089,1.261368,21150,449,94
1633348400,2021-10-04T11:53:20Z,BAW874,51.240746,1.461258,22725,454,100
1633348465,2021-10-04T11:54:25Z,BAW874,51.215012,1.677642,24150,465,100
1633348527,2021-10-04T11:55:27Z,BAW874,51.189724,1.888046,25450,473,100
1633348592,2021-10-04T11:56:32Z,BAW874,51.162354,2.112274,26825,479,101
1633348656,2021-10-04T11:57:36Z,BAW874,51.134792,2.333908,28000,486,101
1633348719,2021-10-04T11:58:39Z,BAW874,51.106934,2.555509,29000,494,101
1633348780,2021-10-04T11:59:40Z,BAW874,51.079147,2.771821,30150,493,101
1633348841,2021-10-04T12:00:41Z,BAW874,51.051086,2.98791,31325,490,101
1633348902,2021-10-04T12:01:42Z,BAW874,51.022415,3.204422,32200,493,101
1633348963,2021-10-04T12:02:43Z,BAW874,50.994019,3.416061,33825,474,102
1633349025,2021-10-04T12:03:45Z,BAW874,50.96595,3.621674,33975,468,102
1633349087,2021-10-04T12:04:47Z,BAW874,50.936783,3.832892,34000,482,102
1633349152,2021-10-04T12:05:52Z,BAW874,50.905655,4.055663,34000,483,102
1633349216,2021-10-04T12:06:56Z,BAW874,50.874241,4.27681,34350,480,102
1633349279,2021-10-04T12:07:59Z,BAW874,50.843307,4.491404,35000,471,102
1633349344,2021-10-04T12:09:04Z,BAW874,50.811489,4.708481,35000,475,103
1633349407,2021-10-04T12:10:07Z,BAW874,50.779831,4.921265,35000,480,103
1633349470,2021-10-04T12:11:10Z,BAW874,50.747635,5.136257,35000,473,103
1633349515,2021-10-04T12:11:55Z,BAW874,50.724792,5.285983,34975,467,103
1633349605,2021-10-04T12:13:25Z,BAW874,50.679016,5.58202,35000,470,103
1633349666,2021-10-04T12:14:26Z,BAW874,50.64753,5.783708,35000,467,103
1633349728,2021-10-04T12:15:28Z,BAW874,50.614758,5.98985,35000,467,104
1633349791,2021-10-04T12:16:31Z,BAW874,50.581474,6.196289,34950,470,104
1633349853,2021-10-04T12:17:33Z,BAW874,50.548237,6.401169,35025,473,104
1633349916,2021-10-04T12:18:36Z,BAW874,50.513367,6.612804,35025,475,104
1633349978,2021-10-04T12:19:38Z,BAW874,50.479294,6.817667,35025,473,104
1633350039,2021-10-04T12:20:39Z,BAW874,50.444935,7.020932,35025,470,104
1633350116,2021-10-04T12:21:56Z,BAW874,50.402107,7.272133,35050,464,105
1633350179,2021-10-04T12:22:59Z,BAW874,50.367188,7.473522,35000,458,105
1633350243,2021-10-04T12:24:03Z,BAW874,50.331394,7.678107,34950,458,105
1633350310,2021-10-04T12:25:10Z,BAW874,50.294266,7.892954,34950,459,104
1633350377,2021-10-04T12:26:17Z,BAW874,50.273071,8.115716,35000,474,97
1633350438,2021-10-04T12:27:18Z,BAW874,50.255466,8.322292,35025,472,97
1633350501,2021-10-04T12:28:21Z,BAW874,50.236847,8.536228,35000,473,97
1633350566,2021-10-04T12:29:26Z,BAW874,50.217407,8.754296,35000,474,98
1633350628,2021-10-04T12:30:28Z,BAW874,50.197815,8.963687,35025,473,98
1633350689,2021-10-04T12:31:29Z,BAW874,50.178268,9.167584,35050,469,98
1633350753,2021-10-04T12:32:33Z,BAW874,50.157291,9.383289,35000,466,98
1633350817,2021-10-04T12:33:37Z,BAW874,50.136295,9.594034,35000,466,98
1633350877,2021-10-04T12:34:37Z,BAW874,50.116093,9.793495,34975,465,99
1633350940,2021-10-04T12:35:40Z,BAW874,50.094631,10.001864,34975,466,99
1633351002,2021-10-04T12:36:42Z,BAW874,50.073166,10.205937,34975,470,99
1633351065,2021-10-04T12:37:45Z,BAW874,50.050545,10.41734,35025,472,99
1633351137,2021-10-04T12:38:57Z,BAW874,50.024475,10.65607,35025,474,99
1633351201,2021-10-04T12:40:01Z,BAW874,50.00061,10.870538,35000,475,99
1633351262,2021-10-04T12:41:02Z,BAW874,49.977551,11.074813,35000,474,100
1633351333,2021-10-04T12:42:13Z,BAW874,49.95013,11.313171,35000,470,100
1633351400,2021-10-04T12:43:20Z,BAW874,49.920059,11.533566,34975,468,105
1633351464,2021-10-04T12:44:24Z,BAW874,49.883698,11.738169,35050,461,105
1633351525,2021-10-04T12:45:25Z,BAW874,49.849319,11.928984,35000,458,105
1633351586,2021-10-04T12:46:26Z,BAW874,49.814026,12.123124,34975,457,105
1633351648,2021-10-04T12:47:28Z,BAW874,49.778542,12.316342,35025,452,105
1633351710,2021-10-04T12:48:30Z,BAW874,49.742882,12.508158,35000,450,106
1633351772,2021-10-04T12:49:32Z,BAW874,49.70755,12.696484,34975,448,106
1633351833,2021-10-04T12:50:33Z,BAW874,49.671982,12.884365,34975,448,106
1633351894,2021-10-04T12:51:34Z,BAW874,49.636002,13.072141,35000,450,106
1633351955,2021-10-04T12:52:35Z,BAW874,49.599453,13.261018,34950,455,106
1633352021,2021-10-04T12:53:41Z,BAW874,49.559509,13.465696,35025,458,106
1633352082,2021-10-04T12:54:42Z,BAW874,49.521698,13.657018,35025,459,106
1633352144,2021-10-04T12:55:44Z,BAW874,49.483749,13.847544,35000,460,107
1633352205,2021-10-04T12:56:45Z,BAW874,49.445599,14.037335,35025,459,107
1633352272,2021-10-04T12:57:52Z,BAW874,49.403191,14.246087,35000,458,107
1633352341,2021-10-04T12:59:01Z,BAW874,49.358917,14.461529,35025,458,107
1633352402,2021-10-04T13:00:02Z,BAW874,49.320187,14.648317,34975,460,107
1633352465,2021-10-04T13:01:05Z,BAW874,49.279083,14.844572,35025,462,107
1633352526,2021-10-04T13:02:06Z,BAW874,49.238953,15.034501,35025,459,107
1633352588,2021-10-04T13:03:08Z,BAW874,49.19838,15.224656,34975,456,108
1633352650,2021-10-04T13:04:10Z,BAW874,49.158184,15.411144,34975,456,108
1633352712,2021-10-04T13:05:12Z,BAW874,49.11657,15.602682,34975,458,108
1633352775,2021-10-04T13:06:15Z,BAW874,49.07439,15.795087,35000,459,108
1633352837,2021-10-04T13:07:17Z,BAW874,49.032578,15.984121,35000,459,108
1633352897,2021-10-04T13:08:17Z,BAW874,48.991608,16.167297,35000,457,108
1633352961,2021-10-04T13:09:21Z,BAW874,48.947536,16.36298,35000,459,108
1633353022,2021-10-04T13:10:22Z,BAW874,48.905273,16.548719,35025,458,109
1633353088,2021-10-04T13:11:28Z,BAW874,48.859879,16.746561,35025,456,109
1633353149,2021-10-04T13:12:29Z,BAW874,48.8172,16.930918,34225,456,109
1633353211,2021-10-04T13:13:31Z,BAW874,48.768963,17.116554,33050,459,116
1633353273,2021-10-04T13:14:33Z,BAW874,48.702713,17.286846,33000,456,127
1633353282,2021-10-04T13:14:42Z,BAW874,48.690662,17.308743,33000,455,131
1633353292,2021-10-04T13:14:52Z,BAW874,48.676231,17.332378,33000,454,133
1633353355,2021-10-04T13:15:55Z,BAW874,48.584988,17.47867,32725,452,133
1633353417,2021-10-04T13:16:57Z,BAW874,48.497635,17.617775,30600,444,133
1633353478,2021-10-04T13:17:58Z,BAW874,48.412216,17.751371,28600,429,134
1633353540,2021-10-04T13:19:00Z,BAW874,48.328251,17.880104,25675,405,134
1633353601,2021-10-04T13:20:01Z,BAW874,48.248322,18.002832,21675,410,134
1633353664,2021-10-04T13:21:04Z,BAW874,48.164902,18.130116,18850,399,134
1633353725,2021-10-04T13:22:05Z,BAW874,48.087391,18.247658,15925,386,134
1633353758,2021-10-04T13:22:38Z,BAW874,48.045868,18.310501,14300,380,134
1633353790,2021-10-04T13:23:10Z,BAW874,48.006531,18.370056,12775,376,134
1633353821,2021-10-04T13:23:41Z,BAW874,47.969521,18.425762,11800,365,134
1633353832,2021-10-04T13:23:52Z,BAW874,47.956192,18.445702,11425,362,134
1633353845,2021-10-04T13:24:05Z,BAW874,47.940903,18.468567,11000,354,135
1633353857,2021-10-04T13:24:17Z,BAW874,47.927353,18.488823,10650,350,134
1633353872,2021-10-04T13:24:32Z,BAW874,47.910645,18.513885,10200,347,134
1633353883,2021-10-04T13:24:43Z,BAW874,47.897781,18.533112,9925,345,134
1633353895,2021-10-04T13:24:55Z,BAW874,47.884796,18.552599,9725,333,134
1633353906,2021-10-04T13:25:06Z,BAW874,47.873474,18.569504,9575,322,134
1633353917,2021-10-04T13:25:17Z,BAW874,47.861938,18.586754,9425,313,134
1633353928,2021-10-04T13:25:28Z,BAW874,47.850487,18.603798,9250,306,134
1633353940,2021-10-04T13:25:40Z,BAW874,47.83857,18.621614,9050,302,135
1633353952,2021-10-04T13:25:52Z,BAW874,47.826736,18.63913,8875,298,135
1633353965,2021-10-04T13:26:05Z,BAW874,47.814789,18.656845,8850,296,135
1633353976,2021-10-04T13:26:16Z,BAW874,47.803284,18.6738,8850,298,135
1633353988,2021-10-04T13:26:28Z,BAW874,47.791443,18.691246,8825,299,135
1633353999,2021-10-04T13:26:39Z,BAW874,47.781372,18.706215,8825,300,134
1633354009,2021-10-04T13:26:49Z,BAW874,47.770844,18.72187,8825,299,134
1633354022,2021-10-04T13:27:02Z,BAW874,47.758965,18.739647,8725,292,134
1633354033,2021-10-04T13:27:13Z,BAW874,47.748367,18.755585,8600,285,134
1633354044,2021-10-04T13:27:24Z,BAW874,47.738251,18.770622,8475,280,134
1633354054,2021-10-04T13:27:34Z,BAW874,47.728912,18.78463,8325,277,134
1633354067,2021-10-04T13:27:47Z,BAW874,47.71772,18.800777,8050,273,139
1633354073,2021-10-04T13:27:53Z,BAW874,47.710922,18.807701,7875,268,149
1633354078,2021-10-04T13:27:58Z,BAW874,47.705475,18.81237,7750,267,149
1633354079,2021-10-04T13:27:59Z,BAW874,47.704872,18.81296,7750,268,149
1633354082,2021-10-04T13:28:02Z,BAW874,47.701721,18.815872,7675,267,146
1633354084,2021-10-04T13:28:04Z,BAW874,47.699203,18.818413,7600,267,145
1633354097,2021-10-04T13:28:17Z,BAW874,47.686855,18.833876,7250,268,136
1633354103,2021-10-04T13:28:23Z,BAW874,47.68222,18.840591,7100,268,135
1633354104,2021-10-04T13:28:24Z,BAW874,47.680847,18.842651,7075,268,134
1633354106,2021-10-04T13:28:26Z,BAW874,47.679592,18.844511,7025,268,134
1633354109,2021-10-04T13:28:29Z,BAW874,47.676987,18.848595,6925,268,133
1633354112,2021-10-04T13:28:32Z,BAW874,47.67382,18.853596,6825,268,132
1633354114,2021-10-04T13:28:34Z,BAW874,47.67205,18.856483,6750,268,132
1633354115,2021-10-04T13:28:35Z,BAW874,47.6716,18.857208,6750,269,132
1633354116,2021-10-04T13:28:36Z,BAW874,47.670841,18.858456,6725,269,132
1633354127,2021-10-04T13:28:47Z,BAW874,47.661163,18.874374,6400,267,131
1633354138,2021-10-04T13:28:58Z,BAW874,47.652126,18.889301,6100,265,131
1633354151,2021-10-04T13:29:11Z,BAW874,47.642303,18.905499,5825,262,131
1633354164,2021-10-04T13:29:24Z,BAW874,47.631271,18.923597,5525,257,132
1633354175,2021-10-04T13:29:35Z,BAW874,47.622665,18.937683,5300,253,132
1633354187,2021-10-04T13:29:47Z,BAW874,47.61351,18.952583,5050,248,132
1633354199,2021-10-04T13:29:59Z,BAW874,47.604179,18.967754,4850,236,132
1633354205,2021-10-04T13:30:05Z,BAW874,47.599823,18.974831,4750,230,132
1633354212,2021-10-04T13:30:12Z,BAW874,47.594742,18.98307,4525,227,132
1633354220,2021-10-04T13:30:20Z,BAW874,47.589478,18.991585,4300,225,132
1633354229,2021-10-04T13:30:29Z,BAW874,47.583344,19.001747,4075,218,131
1633354235,2021-10-04T13:30:35Z,BAW874,47.579086,19.008751,3950,213,131
1633354244,2021-10-04T13:30:44Z,BAW874,47.573547,19.017826,3850,204,132
1633354250,2021-10-04T13:30:50Z,BAW874,47.569683,19.024166,3750,201,132
1633354256,2021-10-04T13:30:56Z,BAW874,47.56596,19.030222,3675,198,132
1633354265,2021-10-04T13:31:05Z,BAW874,47.560455,19.039101,3525,196,132
1633354271,2021-10-04T13:31:11Z,BAW874,47.556927,19.04487,3425,195,132
1633354278,2021-10-04T13:31:18Z,BAW874,47.552551,19.051983,3275,192,132
1633354284,2021-10-04T13:31:24Z,BAW874,47.54892,19.057829,3150,191,131
1633354290,2021-10-04T13:31:30Z,BAW874,47.545532,19.063477,3050,191,132
1633354297,2021-10-04T13:31:37Z,BAW874,47.541706,19.069801,2925,185,131
1633354303,2021-10-04T13:31:43Z,BAW874,47.538254,19.075424,2850,178,132
1633354310,2021-10-04T13:31:50Z,BAW874,47.534073,19.082195,2725,174,132
1633354319,2021-10-04T13:31:59Z,BAW874,47.529373,19.089775,2575,167,132
1633354325,2021-10-04T13:32:05Z,BAW874,47.526215,19.094925,2475,164,132
1633354332,2021-10-04T13:32:12Z,BAW874,47.52269,19.100624,2400,158,131
1633354339,2021-10-04T13:32:19Z,BAW874,47.519638,19.105717,2325,153,132
1633354346,2021-10-04T13:32:26Z,BAW874,47.516235,19.111198,2225,148,132
1633354352,2021-10-04T13:32:32Z,BAW874,47.513447,19.115648,2150,146,132
1633354358,2021-10-04T13:32:38Z,BAW874,47.510559,19.120331,2050,144,132
1633354365,2021-10-04T13:32:45Z,BAW874,47.507584,19.125154,1975,140,132
1633354370,2021-10-04T13:32:50Z,BAW874,47.505432,19.128708,1925,138,131
1633354381,2021-10-04T13:33:01Z,BAW874,47.500946,19.136124,1775,136,132
1633354389,2021-10-04T13:33:09Z,BAW874,47.497387,19.141846,1675,135,132
1633354395,2021-10-04T13:33:15Z,BAW874,47.495106,19.145508,1625,135,132
1633354402,2021-10-04T13:33:22Z,BAW874,47.492157,19.150337,1525,135,132
1633354407,2021-10-04T13:33:27Z,BAW874,47.489777,19.154182,1475,135,132
1633354413,2021-10-04T13:33:33Z,BAW874,47.487167,19.15844,1425,138,132
1633354419,2021-10-04T13:33:39Z,BAW874,47.484787,19.162285,1350,138,132
1633354426,2021-10-04T13:33:46Z,BAW874,47.481812,19.16716,1250,136,132
1633354433,2021-10-04T13:33:53Z,BAW874,47.478836,19.172035,1175,134,132
1633354439,2021-10-04T13:33:59Z,BAW874,47.476227,19.176292,1100,135,132
1633354445,2021-10-04T13:34:05Z,BAW874,47.47374,19.180227,1025,135,132
1633354453,2021-10-04T13:34:13Z,BAW874,47.470596,19.185356,925,134,131
1633354458,2021-10-04T13:34:18Z,BAW874,47.46817,19.18927,875,134,132
1633354464,2021-10-04T13:34:24Z,BAW874,47.465607,19.19339,800,135,132
1633354470,2021-10-04T13:34:30Z,BAW874,47.463135,19.197372,750,135,132
1633354478,2021-10-04T13:34:38Z,BAW874,47.459839,19.202728,650,137,132
1633354484,2021-10-04T13:34:44Z,BAW874,47.457138,19.207191,575,137,132
1633354490,2021-10-04T13:34:50Z,BAW874,47.454712,19.211037,500,137,132
1633354498,2021-10-04T13:34:58Z,BAW874,47.451534,19.216215,425,136,132
1633354503,2021-10-04T13:35:03Z,BAW874,47.449066,19.220158,350,137,132
1633354509,2021-10-04T13:35:09Z,BAW874,47.446564,19.22422,275,136,132
1633354517,2021-10-04T13:35:17Z,BAW874,47.443222,19.229713,250,124,132
1633354524,2021-10-04T13:35:24Z,BAW874,47.440872,19.233398,275,102,132
1633354530,2021-10-04T13:35:30Z,BAW874,47.439056,19.236408,0,86,131
1633354536,2021-10-04T13:35:36Z,BAW874,47.437569,19.238794,0,76,131
1633354542,2021-10-04T13:35:42Z,BAW874,47.436321,19.240837,0,61,131
1633354549,2021-10-04T13:35:49Z,BAW874,47.435181,19.242659,0,46,131
1633354555,2021-10-04T13:35:55Z,BAW874,47.434479,19.24379,0,36,131
1633354561,2021-10-04T13:36:01Z,BAW874,47.433815,19.244854,0,32,131
1633354567,2021-10-04T13:36:07Z,BAW874,47.433239,19.245811,0,28,131
1633354574,2021-10-04T13:36:14Z,BAW874,47.432728,19.246622,0,25,131
1633354580,2021-10-04T13:36:20Z,BAW874,47.432285,19.247343,0,22,131
1633354585,2021-10-04T13:36:25Z,BAW874,47.431877,19.247993,0,21,131
1633354592,2021-10-04T13:36:32Z,BAW874,47.431469,19.248646,0,21,131
1633354596,2021-10-04T13:36:36Z,BAW874,47.43116,19.249197,0,20,126
1633354599,2021-10-04T13:36:39Z,BAW874,47.431061,19.249454,0,20,118
1633354600,2021-10-04T13:36:40Z,BAW874,47.431011,19.249678,0,20,109
1633354602,2021-10-04T13:36:42Z,BAW874,47.430969,19.249949,0,19,98
1633354604,2021-10-04T13:36:44Z,BAW874,47.430981,19.250212,0,19,87
1633354606,2021-10-04T13:36:46Z,BAW874,47.431023,19.250416,0,18,75
1633354608,2021-10-04T13:36:48Z,BAW874,47.431091,19.250656,0,18,64
1633354611,2021-10-04T13:36:51Z,BAW874,47.431248,19.250952,0,17,50
1633354614,2021-10-04T13:36:54Z,BAW874,47.4314,19.251171,0,17,45
1633354617,2021-10-04T13:36:57Z,BAW874,47.431599,19.251427,0,17,42
1633354620,2021-10-04T13:37:00Z,BAW874,47.431767,19.251652,0,16,42
1633354623,2021-10-04T13:37:03Z,BAW874,47.431927,19.251875,0,15,42
1633354629,2021-10-04T13:37:09Z,BAW874,47.432224,19.25227,0,14,42
1633354635,2021-10-04T13:37:15Z,BAW874,47.432522,19.252665,0,13,42
1633354641,2021-10-04T13:37:21Z,BAW874,47.432762,19.252995,0,12,42
1633354647,2021-10-04T13:37:27Z,BAW874,47.432995,19.253311,0,11,42
1633354652,2021-10-04T13:37:32Z,BAW874,47.43322,19.253609,0,11,42
1633354659,2021-10-04T13:37:39Z,BAW874,47.433449,19.253918,0,11,42
1633354666,2021-10-04T13:37:46Z,BAW874,47.433712,19.254278,0,11,42
1633354672,2021-10-04T13:37:52Z,BAW874,47.433949,19.25458,0,11,42
1633354677,2021-10-04T13:37:57Z,BAW874,47.43417,19.254896,0,11,42
1633354683,2021-10-04T13:38:03Z,BAW874,47.43441,19.255205,0,12,42
1633354690,2021-10-04T13:38:10Z,BAW874,47.434681,19.255566,0,13,42
1633354695,2021-10-04T13:38:15Z,BAW874,47.434925,19.255892,0,12,42
1633354703,2021-10-04T13:38:23Z,BAW874,47.43523,19.256287,0,12,42
1633354707,2021-10-04T13:38:27Z,BAW874,47.435368,19.256516,0,11,47
1633354710,2021-10-04T13:38:30Z,BAW874,47.435417,19.25675,0,11,70
1633354713,2021-10-04T13:38:33Z,BAW874,47.435413,19.256956,0,12,87
1633354715,2021-10-04T13:38:35Z,BAW874,47.43536,19.257179,0,12,106
1633354720,2021-10-04T13:38:40Z,BAW874,47.435211,19.257437,0,12,129
1633354724,2021-10-04T13:38:44Z,BAW874,47.435062,19.257694,0,11,132
1633354728,2021-10-04T13:38:48Z,BAW874,47.434925,19.257923,0,10,129
1633354732,2021-10-04T13:38:52Z,BAW874,47.434856,19.258123,0,8,118
1633354736,2021-10-04T13:38:56Z,BAW874,47.434799,19.258329,0,8,112
1633354741,2021-10-04T13:39:01Z,BAW874,47.434696,19.25857,0,9,123
1633354747,2021-10-04T13:39:07Z,BAW874,47.434521,19.258858,0,9,132
1633354752,2021-10-04T13:39:12Z,BAW874,47.434387,19.259068,0,7,132
1633354760,2021-10-04T13:39:20Z,BAW874,47.434181,19.259222,0,6,160
1633354768,2021-10-04T13:39:28Z,BAW874,47.433994,19.259016,0,6,213
1633354775,2021-10-04T13:39:35Z,BAW874,47.433857,19.258804,0,7,222
1633354783,2021-10-04T13:39:43Z,BAW874,47.433678,19.25857,0,5,222
1633354824,2021-10-04T13:40:24Z,BAW874,47.434547,19.25881,0,0,222
